"name(STRING(36))","created(DATETIME)","education(STRING(36))","updated(DATETIME)","ownerId(STRING(36))","objectId(STRING_ID)","image(STRING(36))","description(TEXT)","salary(INT)"
"Kardiolog","Tue Dec 05 17:47:40 UTC 2017","higher","Tue Dec 05 18:59:31 UTC 2017",null,"30C2454D-C9C0-5601-FFB4-81BFBCEC5B00",null,"bleh blah",8000
"Lekarz Weterynarz","Tue Dec 05 17:46:58 UTC 2017","medium","Tue Dec 05 18:59:39 UTC 2017",null,"347AE728-4C0B-89C9-FFFF-5CBEF78FA100",null,"bleh blah",6000
"Okulista","Tue Dec 05 17:47:33 UTC 2017",null,"Tue Dec 05 18:58:22 UTC 2017",null,"9BFE040E-96A7-D248-FFD8-F598E410EE00",null,"bleh blah",7000
"Web Developer","Tue Dec 05 17:46:16 UTC 2017",null,"Tue Dec 05 18:58:27 UTC 2017",null,"B4E4919A-73B6-2201-FFDC-3BE1B331B600",null,"bleh blah",10000
