"ownerId(STRING(36))","estimated_delivery(DATETIME)","items(TEXT)","created(DATETIME)","updated(DATETIME)","objectId(STRING_ID)","status(STRING(36))"
"C865BD5C-6462-D6FD-FF34-0F7C60F0EC00",null,"[{""unit"":""szt"",""amount"":2,""created"":1512664697177,""price"":2,""name"":""Pomidor"",""ownerId"":null,""updated"":null,""objectId"":""02707AF5-5E74-0844-FF30-F699EB6B5800"",""___class"":""products"",""__meta"":""{\""selectedProperties\"":[\""unit\"",\""amount\"",\""price\"",\""name\"",\""ownerId\""]}"",""buy"":true},{""unit"":""g"",""amount"":500,""created"":1512664631063,""price"":1.2,""name"":""Makaron farfale"",""ownerId"":null,""updated"":1512664679630,""objectId"":""29D2C8FE-1CEE-5DFC-FF34-D69628AF3100"",""___class"":""products"",""__meta"":""{\""selectedProperties\"":[\""unit\"",\""amount\"",\""price\"",\""name\"",\""ownerId\""]}"",""buy"":true}]","Thu Dec 07 18:07:12 UTC 2017",null,"1D44E151-E9FC-91C1-FF59-B9D5F5D24300","NEW"
null,null,"[{""unit"":""szt"",""amount"":8,""created"":1512664697177,""price"":8,""name"":""Pomidor"",""ownerId"":null,""updated"":null,""objectId"":""02707AF5-5E74-0844-FF30-F699EB6B5800"",""___class"":""products"",""__meta"":""{\""selectedProperties\"":[\""unit\"",\""amount\"",\""price\"",\""name\"",\""ownerId\""]}""},{""unit"":""g"",""amount"":2000,""created"":1512664631063,""price"":4.8,""name"":""Makaron farfale"",""ownerId"":null,""updated"":1512664679630,""objectId"":""29D2C8FE-1CEE-5DFC-FF34-D69628AF3100"",""___class"":""products"",""__meta"":""{\""selectedProperties\"":[\""unit\"",\""amount\"",\""price\"",\""name\"",\""ownerId\""]}""}]","Thu Dec 07 17:56:08 UTC 2017","Thu Dec 07 17:58:11 UTC 2017","79DD439B-4ED8-C0D7-FF8E-EEE54294A300","WAITING"
null,null,"[{""unit"":""g"",""amount"":1500,""created"":1512664631063,""price"":3.5999999999999996,""name"":""Makaron farfale"",""ownerId"":null,""updated"":1512664679630,""objectId"":""29D2C8FE-1CEE-5DFC-FF34-D69628AF3100"",""___class"":""products"",""__meta"":""{\""selectedProperties\"":[\""unit\"",\""amount\"",\""price\"",\""name\"",\""ownerId\""]}"",""buy"":false},{""unit"":""szt"",""amount"":4,""created"":1512664697177,""price"":4,""name"":""Pomidor"",""ownerId"":null,""updated"":null,""objectId"":""02707AF5-5E74-0844-FF30-F699EB6B5800"",""___class"":""products"",""__meta"":""{\""selectedProperties\"":[\""unit\"",\""amount\"",\""price\"",\""name\"",\""ownerId\""]}"",""buy"":true}]","Thu Dec 07 17:59:35 UTC 2017","Thu Dec 07 18:05:27 UTC 2017","86587730-0030-AF12-FFD4-EB434DC47400","NEW"
null,null,"[{""unit"":""szt"",""amount"":2,""created"":1512664697177,""price"":2,""name"":""Pomidor"",""ownerId"":null,""updated"":null,""objectId"":""02707AF5-5E74-0844-FF30-F699EB6B5800"",""___class"":""products"",""__meta"":""{\""selectedProperties\"":[\""unit\"",\""amount\"",\""price\"",\""name\"",\""ownerId\""]}"",""buy"":true},{""unit"":""g"",""amount"":500,""created"":1512664631063,""price"":1.2,""name"":""Makaron farfale"",""ownerId"":null,""updated"":1512664679630,""objectId"":""29D2C8FE-1CEE-5DFC-FF34-D69628AF3100"",""___class"":""products"",""__meta"":""{\""selectedProperties\"":[\""unit\"",\""amount\"",\""price\"",\""name\"",\""ownerId\""]}"",""buy"":true}]","Thu Dec 07 17:58:18 UTC 2017","Thu Dec 07 17:59:20 UTC 2017","DF9A1006-D98A-87F0-FF25-5DD0A4FB2100","WAITING"
